{
    "rmse": 0.05871647493692207,
    "mae": 0.04458052361272753,
    "r2": 0.8417886821010909
}