{
    "rmse": 0.0605391479254932,
    "mae": 0.042484071565270246,
    "r2": 0.820782961782653
}