{
    "rmse": 0.05788045743696995,
    "mae": 0.04482391574986873,
    "r2": 0.8271597323047525
}